tconst	directors	writers
tt0111161	nm0001104	nm0000175,nm0001104
tt0468569	nm0634240	nm0634300,nm0634240,nm0333060,nm0004170
tt1375666	nm0634240	nm0634240
tt0137523	nm0000399	nm0657333,nm0880243
tt0110912	nm0000233	nm0000233,nm0000812
tt0109830	nm0000709	nm0343165,nm0744839
tt0133093	nm0905152,nm0905154	nm0905152,nm0905154
tt0120737	nm0001392	nm0866058,nm0909638,nm0101991,nm0001392
tt0167260	nm0001392	nm0866058,nm0909638,nm0101991,nm0001392
tt0068646	nm0000338	nm0701374,nm0000338
tt1345836	nm0634240	nm0634300,nm0634240,nm0333060,nm0004170
tt0167261	nm0001392	nm0866058,nm0909638,nm0101991,nm0801728,nm0001392
tt0816692	nm0634240	nm0634300,nm0634240
tt0114369	nm0000399	nm0001825
tt1853728	nm0000233	nm0000233
tt0172495	nm0000631	nm0291905,nm0517589,nm0629933
tt0372784	nm0634240	nm0004170,nm0333060,nm0634240
tt0848228	nm0923736	nm0923736,nm0672015
tt0102926	nm0001129	nm0365383,nm0848217
tt0361748	nm0000233	nm0000233
tt0076759	nm0000184	nm0000184
tt0120815	nm0000229	nm0734441
tt0108052	nm0000229	nm0447745,nm0001873
tt0407887	nm0000217	nm1184258,nm0538320,nm0159039
tt0482571	nm0634240	nm0634300,nm0634240,nm1793993
tt0080684	nm0449984	nm0102824,nm0001410,nm0000184
tt0993846	nm0000217	nm1010540,nm0067789
tt0499549	nm0000116	nm0000116
tt0120689	nm0001104	nm0000175,nm0001104
tt0209144	nm0634240	nm0634240,nm0634300
tt0071562	nm0000338	nm0000338,nm0701374
tt1130884	nm0000217	nm0436164,nm1212331
tt0169547	nm0005222	nm0050332
tt2015381	nm0348181	nm0348181,nm2270979,nm3966115,nm5037683,nm2757098,nm0317493,nm4160687,nm1921680,nm3238648,nm0314153,nm0562554
tt0120338	nm0000116	nm0000116
tt0120586	nm0443411	nm0571346
tt0325980	nm0893659	nm0254645,nm0744429,nm0064181,nm0938684
tt0434409	nm0574625	nm0905152,nm0905154,nm2331222
tt0088763	nm0000709	nm0000709,nm0301826
tt0110413	nm0000108	nm0000108
tt0099685	nm0000217	nm0683380,nm0000217
tt0103064	nm0000116	nm0000116,nm0936537
tt0266697	nm0000233	nm0000233,nm0000235
tt0910970	nm0004056	nm0004056,nm0230032,nm0714114
tt0114814	nm0001741	nm0003160
tt0112573	nm0000154	nm0908824
tt0086190	nm0549658	nm0001410,nm0000184
tt0266543	nm0004056,nm0881279	nm0004056,nm0677037,nm0721675
tt0371746	nm0269463	nm1318843,nm1319757,nm1436466,nm0391344,nm0498278,nm1411347,nm1293367,nm0456158
tt0110357	nm0591450,nm0021249	nm0575293,nm0731271,nm0941314,nm0560329,nm0424556,nm0177170,nm0258059,nm0309128,nm0873779,nm0135296,nm0363125,nm0460146,nm0761498,nm0004552,nm0500858,nm0710020,nm0538588,nm0326814,nm0322368,nm0442483,nm0020599,nm0780117,nm0854185,nm0873092,nm0879318,nm0901038,nm0936374,nm0925276,nm0152312
tt1049413	nm0230032,nm0677037	nm0230032,nm0677037,nm0565336
tt0120382	nm0001837	nm0629272
tt0167404	nm0796117	nm0796117
tt0105236	nm0000233	nm0000233,nm0000812
tt0073486	nm0001232	nm0369142,nm0325743,nm0450181,nm0913670
tt1431045	nm1783265	nm1014201,nm1116660
tt0338013	nm0327273	nm0442109,nm0327273,nm1410028
tt0082971	nm0000229	nm0001410,nm0000184,nm0442241
tt0114709	nm0005124	nm0005124,nm0230032,nm0004056,nm0710020,nm0923736,nm0169505,nm0812513
tt0081505	nm0000040	nm0000175,nm0000040,nm0424956
tt2488496	nm0009190	nm0001410,nm0009190,nm1578335,nm0000184
tt1392190	nm0004306	nm0004306,nm0565068,nm0490147
tt0107290	nm0000229	nm0000341,nm0462895
tt1392170	nm0002657	nm0002657,nm1056741,nm0712753
tt0119217	nm0001814	nm0000354,nm0000255
tt0268978	nm0000165	nm0326040,nm0621586
tt0477348	nm0001053,nm0001054	nm0001054,nm0001053,nm0565092
tt2267998	nm0000399	nm5058839
tt0198781	nm0230032,nm0798899,nm0881279	nm0230032,nm0191717,nm0682066,nm0250995,nm0004056,nm0314870,nm0677037,nm0798899,nm0710020,nm0047916,nm1014201,nm0731271
tt1010048	nm0000965,nm0849164	nm0064479,nm3139511
tt0088247	nm0000116	nm0000116,nm0005036,nm0936537
tt0264464	nm0000229	nm0622288,nm0007646,nm1127221
tt0095016	nm0001532	nm0861636,nm0835732,nm0211823
tt4154756	nm0751577,nm0751648	nm1321655,nm1321656,nm0498278,nm0456158,nm0800209,nm1921680,nm3238648,nm2757098,nm0317493,nm4160687,nm1293367,nm1411347
tt0208092	nm0005363	nm0005363
tt0078748	nm0000631	nm0639321,nm0795953
tt1454468	nm0190859	nm0190859,nm0190861
tt0903624	nm0001392	nm0909638,nm0101991,nm0001392,nm0868219,nm0866058
tt0401792	nm0000233,nm0001675,nm0588340	nm0588340
tt0180093	nm0004716	nm0782968,nm0004716
tt1300854	nm0000948	nm1510800,nm0000948,nm0498278,nm1411347,nm1293367,nm0456158,nm1979137,nm2137463
tt1201607	nm0946734	nm0460141,nm0746830
tt0435761	nm0881279	nm0005124,nm0004056,nm0881279,nm1578335
tt0066921	nm0000040	nm0000040,nm0121256
tt0246578	nm0446819	nm0446819
tt3659388	nm0000631	nm1206844,nm1083982
tt0800369	nm0000110	nm1005420,nm0826714,nm0668309,nm0833089,nm0698873,nm0498278,nm1293367,nm0456158
tt0416449	nm0811583	nm0811583,nm0426500,nm1290582,nm0588340,nm2241067
tt1675434	nm0619923,nm0865918	nm0619923,nm4778840,nm0865918
tt0458339	nm0002653	nm1321655,nm1321656,nm0800209,nm0456158
tt2395427	nm0923736	nm0923736,nm0498278,nm0456158,nm0800209,nm4160687
tt1843866	nm0751648,nm0751577	nm1321655,nm1321656,nm0800209,nm0456158,nm1591737,nm3090268,nm6624843
tt0086250	nm0000361	nm0000231,nm0001328,nm0372942,nm0870660
tt0120915	nm0000184	nm0000184
tt1205489	nm0000142	nm1010405,nm3164738
tt1119646	nm0680846	nm0524190,nm0601859
tt0118715	nm0001054,nm0001053	nm0001053,nm0001054
tt1228705	nm0269463	nm0857620,nm0498278,nm1411347,nm1293367,nm0456158
tt0253474	nm0000591	nm0367838,nm0844262
tt0121766	nm0000184	nm0000184
tt0075314	nm0000217	nm0001707
tt0211915	nm0000466	nm0491011,nm0000466
tt0947798	nm0004716	nm2114730,nm0374560,nm0572352
tt0317248	nm0576987,nm0526199	nm0513130,nm1130251
tt0770828	nm0811583	nm0333060,nm0634240,nm0796950,nm0795975
tt2278388	nm0027572	nm0959003,nm0027572,nm2450453
tt0145487	nm0000600	nm0498278,nm0228492,nm0462895
tt0097576	nm0000229	nm0090151,nm0000184,nm0583675,nm0442241
tt1663202	nm0327944	nm1872664,nm0327944,nm3488559
tt2582802	nm3227090	nm3227090
tt0083658	nm0000631	nm0266684,nm0672459,nm0001140
tt0480249	nm1349376	nm0698873,nm0326040,nm0558577,nm0181019,nm0181020
tt4154796	nm0751577,nm0751648	nm1321655,nm1321656,nm0498278,nm0456158,nm0800209,nm1921680,nm3238648,nm2757098,nm0317493,nm4160687,nm1293367,nm1411347
tt0060196	nm0001466	nm0898812,nm0001466,nm0408488,nm0769249
tt0378194	nm0000233	nm0000233,nm0000235
tt2084970	nm0878763	nm2441699,nm0388132
tt1877832	nm0001741	nm1334526,nm0963359,nm0891216,nm0456158,nm0498278
tt0050083	nm0001486	nm0741627
tt1045658	nm0751102	nm0751102,nm2683048
tt0093058	nm0000040	nm0000040,nm0380282,nm0368007
tt0892769	nm0213450,nm0761498	nm0204030,nm0213450,nm0761498,nm2441763,nm0405190,nm1104057
tt0383574	nm0893659	nm0254645,nm0744429,nm0064181,nm0938684
tt1270798	nm0891216	nm1005420,nm0826714,nm0963359,nm0891216,nm1417242,nm0001741,nm0456158,nm0498278
tt0317705	nm0083348	nm0083348
tt7286456	nm0680846	nm0680846,nm0798788,nm0004170,nm0277730,nm1047603
tt0090605	nm0000116	nm0000116,nm0318429,nm0001353,nm0639321,nm0795953
tt3498820	nm0751648,nm0751577	nm1321655,nm1321656,nm0800209,nm0456158,nm2092839,nm4022192
tt1136608	nm0088955	nm0088955,nm2833612
tt1504320	nm0393799	nm0782436
tt0117951	nm0000965	nm0920543,nm0388076
tt1074638	nm0005222	nm0701031,nm0905498,nm0517589,nm0001220
tt0121765	nm0000184	nm0000184,nm0355054
tt0405159	nm0000142	nm0353673,nm0101801
tt0382932	nm0684342,nm0083348	nm0083348,nm0684342,nm0135296,nm1486235,nm1271884,nm0677037
tt2024544	nm2588606	nm0725983,nm1185849
tt3315342	nm0003506	nm0003506,nm0291082,nm0338169,nm0739661,nm0859471,nm0918083,nm1079460,nm2092839,nm4022192
tt2975590	nm0811583	nm0006516,nm0333060,nm0004170,nm0277730,nm0796950,nm0795975,nm0551376
tt0241527	nm0001060	nm0746830,nm0460141
tt0457430	nm0868219	nm0868219
tt1951264	nm1349376	nm0064479,nm1578335,nm1056741
tt0440963	nm0339030	nm0006904,nm1994243,nm1079776,nm0524924
tt1285016	nm0000399	nm0815070,nm0583826
tt0245429	nm0594503	nm0594503
tt0126029	nm0011470,nm0421776	nm0825308,nm0254645,nm0744429,nm0830294,nm0776107,nm0970606,nm1844237,nm0970447
tt0116282	nm0001054,nm0001053	nm0001053,nm0001054
tt0418279	nm0000881	nm0649460,nm0476064,nm0736966
tt1170358	nm0001392	nm0909638,nm0101991,nm0001392,nm0868219,nm0866058
tt0118799	nm0000905	nm0148437,nm0000905
tt0449088	nm0893659	nm0254645,nm0744429,nm0064181,nm0938684
tt0816711	nm0286975	nm1996352,nm1206844,nm0511541,nm0833089,nm0112150
tt0078788	nm0000338	nm0587518,nm0000338,nm0380282,nm0175676
tt1670345	nm0504642	nm0004412,nm0945026,nm3242689
tt1631867	nm0510731	nm0003160,nm0125336,nm3890871,nm3872326
tt0062622	nm0000040	nm0000040,nm0002009
tt2096673	nm0230032,nm0215455	nm0230032,nm0215455,nm0498834,nm2155757,nm1578335,nm2919995,nm0352778,nm0688132
tt0796366	nm0009190	nm0649460,nm0476064,nm0734472
tt1981115	nm0851930	nm1236653,nm1321655,nm1321656,nm0668309,nm0734441,nm0498278,nm1293367,nm0456158,nm1277476
tt2802144	nm0891216	nm0963359,nm0891216,nm2092839,nm1733301
tt0054215	nm0000033	nm0825010,nm0088645
tt1825683	nm3363032	nm3363032,nm1963288,nm0498278,nm0456158
tt0988045	nm0005363	nm3467335,nm0669756,nm1334526,nm0927880,nm0236279
tt1386697	nm0043742	nm0043742,nm1694619
tt0421715	nm0000399	nm0744839,nm0842523,nm0280234
tt0369610	nm1119880	nm0415425,nm0798646,nm1119880,nm2081046,nm0000341
tt0107048	nm0000601	nm0748035,nm0000601
tt0381061	nm0132709	nm0701031,nm0905498,nm0353673,nm0001220
tt0454876	nm0000487	nm1674631,nm1341735
tt0114746	nm0000416	nm0003408,nm0672459,nm0672466
tt1211837	nm0220600	nm3123612,nm0220600,nm1803036,nm0498278,nm0228492
tt1392214	nm0898288	nm3360706
tt1637725	nm0532235	nm0532235,nm1273148,nm1273397
tt0120903	nm0001741	nm0220892,nm0001741,nm0371684
tt1446714	nm0000631	nm3123612,nm0511541,nm0639321,nm0795953
tt1024648	nm0000255	nm0006516,nm5410196,nm2646452
tt0936501	nm0603628	nm0000108,nm0436543
tt2543164	nm0898288	nm2104063,nm5384213
tt2294629	nm1601644,nm0118333	nm1601644,nm0026153,nm0118333,nm2280850
tt2562232	nm0327944	nm0327944,nm1481172,nm5409486,nm3174584,nm0142577
tt0113277	nm0000520	nm0000520
tt0758758	nm0000576	nm0000576,nm1040556
tt0780504	nm0716347	nm0024925,nm2201245
tt0948470	nm1989536	nm0888743,nm0765091,nm0460141,nm0498278,nm0228492
tt0478970	nm0715636	nm0942367,nm0180428,nm0570912,nm0748620,nm0498278,nm1293367,nm0456158
tt3501632	nm0169806	nm3069408,nm1219736,nm1236653,nm0498278,nm1293367,nm0456158,nm0657062,nm1277476,nm4160541
tt0073195	nm0000229	nm0001940,nm0331956
tt3896198	nm0348181	nm0348181,nm3966115,nm5037683,nm1921680,nm3238648,nm4160687,nm0498278,nm1293367,nm0456158,nm2757098,nm0317493,nm0314153,nm0562554
tt2527336	nm0426059	nm0426059,nm0000184
tt0316654	nm0000600	nm0498278,nm0228492,nm0332184,nm0587692,nm0149290,nm0765091
tt3748528	nm2284484	nm0919363,nm0006904,nm0461306,nm1729428,nm0000184
tt0451279	nm0420941	nm0374302,nm0811583,nm0297229,nm0551376,nm4243936
tt0295297	nm0001060	nm0746830,nm0460141
tt1276104	nm0426059	nm0426059
tt0304141	nm0190859	nm0746830,nm0460141
tt1250777	nm0891216	nm0963359,nm0891216,nm2092839,nm1348210
tt0330373	nm0001565	nm0460141,nm0746830
tt0116629	nm0000386	nm0002041,nm0000386
tt0120735	nm0005363	nm0005363
tt0119488	nm0000436	nm0255278,nm0001338,nm0000436
tt1219289	nm1139726	nm0228908,nm2982186
tt0829482	nm0609549	nm0736622,nm1698571
tt5013056	nm0634240	nm0634240
tt0120363	nm0105169,nm0881279,nm0005124	nm0005124,nm0230032,nm0105169,nm0004056,nm0398763,nm0150155,nm1274593
tt1798709	nm0005069	nm0005069
tt0290334	nm0001741	nm0672015,nm0371684,nm0001741,nm1002424,nm0003529
tt2911666	nm0500610,nm0821432	nm4401003
tt0034583	nm0002031	nm0258493,nm0258525,nm0462321,nm0122417,nm0019706,nm0732452
tt0119654	nm0001756	nm0192384,nm0004412
tt0234215	nm0905152,nm0905154	nm0905152,nm0905154
tt1156398	nm0281508	nm1014201,nm1116660
tt0332280	nm0001024	nm0505230,nm0764982,nm0817023
tt1232829	nm0520488,nm0588087	nm0045209,nm1706767,nm0367895,nm0004798
tt0075148	nm0000814	nm0000230
tt0162222	nm0000709	nm0115310
tt0240772	nm0001752	nm0425138,nm0751207,nm0113689,nm0496468,nm0341372
tt0258463	nm0510731	nm0006904,nm0380819,nm0524924
tt0365748	nm0942367	nm0670408,nm0942367
tt0181689	nm0000229	nm0001140,nm0291082,nm0169509
tt1318514	nm1012501	nm0415425,nm0798646,nm0099541
tt0469494	nm0000759	nm0000759,nm0801737
tt0364569	nm0661791	nm1628380,nm2057405,nm3820072,nm0661791,nm1367409,nm1369364
tt1323594	nm0719208,nm1853544	nm0666791,nm0202425,nm0655053
tt0409459	nm0811583	nm0371684,nm0874844,nm1733301,nm0600872
tt0343818	nm0001639	nm0899113,nm0326040,nm0001920
tt0071853	nm0000416,nm0001402	nm0001037,nm0000092,nm0001385,nm0000416,nm0001402,nm0001589
tt0413300	nm0000600	nm0000600,nm0706898,nm0765091,nm0498278,nm0228492
tt0467406	nm0718646	nm1959505
tt0450259	nm0001880	nm0495378,nm2057149
tt0373889	nm0946734	nm0325533,nm0746830
tt3460252	nm0000233	nm0000233
tt2250912	nm1218281	nm0326246,nm0197855,nm1218281,nm1755986,nm0571344,nm1273099,nm0498278,nm0228492,nm0800209,nm0456158
tt1483013	nm2676052	nm2244980,nm1578335,nm2676052
tt0332452	nm0000583	nm0392955,nm1125275
tt0376994	nm0711840	nm1334526,nm0672015
tt0945513	nm1512910	nm1618286
tt3783958	nm3227090	nm3227090
tt1298650	nm0551128	nm0254645,nm0744429,nm0064181,nm0938684,nm0694627
tt0095953	nm0001469	nm0607454,nm0060103
tt1408101	nm0009190	nm0649460,nm0476064,nm0511541,nm0734472
tt1022603	nm1989536	nm2354099,nm2352210
tt1663662	nm0868219	nm2012438,nm0868219
tt2310332	nm0001392	nm0909638,nm0101991,nm0001392,nm0868219,nm0866058
tt0144084	nm0366004	nm0254735,nm0366004,nm0877587
tt0458525	nm0004303	nm1125275,nm0940790
tt1343092	nm0525303	nm0525303,nm0668902,nm0280234
tt1570728	nm0275629,nm0720135	nm1557594
tt0096874	nm0000709	nm0000709,nm0301826
tt1411697	nm0680846	nm0563301,nm0035905,nm0680846,nm0524190,nm0601859
tt0926084	nm0946734	nm0460141,nm0746830
tt0470752	nm0307497	nm0307497
tt0206634	nm0190859	nm0190859,nm0786694,nm0033153,nm1318843,nm1319757,nm0416807
tt5052448	nm1443502	nm1443502
tt0425112	nm0942367	nm0942367,nm0670408
tt0099785	nm0001060	nm0000455
tt1229238	nm0083348	nm0312367,nm0032227,nm0625858
tt0417741	nm0946734	nm0460141,nm0746830
tt1659337	nm0154716	nm0154716
tt5463162	nm0500610	nm1014201,nm1116660,nm0005351,nm0509580,nm1436760
tt0112641	nm0000217	nm0683380,nm0000217
tt0289879	nm0107774,nm0344259	nm0344259,nm0107774
tt0356910	nm0510731	nm1334526
tt1800241	nm0751102	nm2545235,nm0751102
tt0057012	nm0000040	nm0000040,nm0816143,nm0313570
tt0242653	nm0905154,nm0905152	nm0905152,nm0905154
tt0099487	nm0000318	nm0000318,nm0003031
tt2872718	nm0319659	nm0319659
tt0448157	nm0000916	nm1378206,nm0319213
tt0087469	nm0000229	nm0404754,nm0441718,nm0000184
tt0449059	nm0267512,nm0206760	nm1578335
tt0454921	nm0610831	nm0175726
tt1396484	nm0615592	nm1286060,nm1560977,nm2477891,nm0000175
tt0268380	nm0917188,nm0757858	nm5022110,nm0073850,nm0010004,nm0107760,nm0174024,nm0797053,nm0862211,nm1154886,nm1157545
tt2872732	nm0000108	nm0000108
tt0372183	nm0339030	nm0524924,nm0006904
tt1457767	nm1490123	nm0370937,nm0370928
tt0800080	nm0504642	nm0672015,nm0498278,nm0456158
tt2179136	nm0000142	nm0355699,nm4881574,nm6984200,nm7198520
tt0790636	nm0885249	nm1258965,nm2214893
tt0047396	nm0000033	nm0371088,nm0941280
tt1291584	nm0640334	nm0640334,nm3294574,nm0233561
tt0119116	nm0000108	nm0000108,nm0436543
tt0443706	nm0000399	nm0888743,nm1172196
tt1430132	nm0003506	nm0093560,nm0291082
tt1856101	nm0898288	nm0266684,nm0338169,nm0001140
tt1840309	nm1139726	nm2489193,nm0961827,nm4316121
tt0375679	nm0353673	nm0353673,nm0604263
tt1979320	nm0000165	nm0604948
tt1499658	nm1164861	nm0002864,nm0197855,nm0326246
tt0314331	nm0193485	nm0193485
tt1535108	nm0088955	nm0088955
tt0367882	nm0000229	nm0462895,nm0000184,nm0622288,nm0442241
tt1454029	nm0853238	nm0853238,nm3543826
tt1099212	nm0362566	nm0742279,nm2769412
tt1727824	nm0001741	nm0565026,nm0604948
tt1515091	nm0005363	nm1802251,nm0612487,nm0236279
tt0887912	nm0000941	nm1676793
tt0367594	nm0000318	nm0001094,nm0041864
tt2948356	nm0397174,nm0601781,nm1158544	nm0397174,nm0601781,nm1158544,nm0714114,nm2888684,nm1601882,nm1601644,nm1074879
tt0101414	nm0873779,nm0936374	nm0941314,nm0152312,nm0761498,nm0560329,nm0363125,nm0683724,nm0940849,nm0710020,nm0254085,nm0038432,nm0501729,nm0207305,nm3343855
tt1872181	nm1989536	nm0476064,nm0649460,nm0684374,nm0888743,nm0498278,nm0228492
tt1568346	nm0000399	nm0001873,nm2297183
tt0327056	nm0000142	nm0001338,nm1212331
tt1535109	nm0339030	nm0712753,nm3697679,nm5643170
tt2103281	nm0716257	nm0093560,nm0415425,nm0798646,nm0099541
tt0319061	nm0000318	nm1180620,nm0041864
tt0407304	nm0000229	nm0295264,nm0462895,nm0920229
tt1790864	nm1226871	nm3834300,nm2233127,nm2385905,nm4212895
tt0319262	nm0000386	nm0000386,nm0618680
tt2713180	nm0043742	nm0043742
tt0298148	nm0038432,nm0011470,nm0970447	nm0825308,nm0011470,nm0830294,nm0826425,nm0918955,nm0970606,nm0230666,nm1844237,nm1019583,nm0970447,nm0254645,nm0744429,nm0776107
tt0441773	nm0651706,nm0828970	nm0008743,nm0074184,nm0717550,nm0903456
tt3890160	nm0942367	nm0942367
tt2119532	nm0000154	nm0770938,nm0460795
tt1951265	nm1349376	nm0185976,nm0834960,nm1056741
tt4154664	nm1349818,nm0281396	nm1349818,nm0281396,nm4039044,nm2270979,nm0498834
tt0097165	nm0001837	nm0776114
tt4972582	nm0796117	nm0796117
tt2245084	nm2320658,nm0930261	nm1471001,nm0047916,nm0314870,nm2185413,nm2400268,nm0745691
tt0335266	nm0001068	nm0001068
tt0830515	nm0286975	nm0353673,nm0701031,nm0905498
tt1895587	nm0565336	nm1802857,nm0565336
tt0217505	nm0000217	nm0168379,nm0001873,nm0518836
tt3183660	nm0946734	nm0746830
tt1723121	nm1098493	nm1462097,nm0264520,nm1890845,nm1898234
tt0382625	nm0000165	nm0326040,nm1467010
tt0398286	nm1977355,nm0397174	nm1557594,nm0342278,nm0342303
tt0120591	nm0000881	nm0378144,nm0009190,nm0006904,nm0004307,nm0690798
tt0325710	nm0001880	nm0517589,nm0001880,nm0380980
tt0362227	nm0000229	nm0629272,nm0315065,nm0622288
tt0337978	nm0936482	nm0093560,nm0545861,nm1985343,nm0861636
tt5027774	nm1732981	nm1732981
tt0360717	nm0001392	nm0909638,nm0101991,nm0001392,nm0178260,nm0908624
tt0099088	nm0000709	nm0000709,nm0301826
tt0765429	nm0000631	nm0001873,nm0414893
tt0033467	nm0000080	nm0542534,nm0000080,nm0002144,nm0219670,nm0448809
tt0405422	nm0031976	nm0031976,nm0136797
tt0120616	nm0814085	nm0814085,nm0285126,nm0418883,nm0049721,nm0701233,nm0770337
tt0038650	nm0001008	nm0329304,nm0352443,nm0001008,nm0842485,nm0827821,nm0933858
tt2980516	nm1016428	nm0565026,nm6186324
tt1399103	nm0000881	nm0472567
tt0780536	nm1732981	nm1732981
tt3385516	nm0001741	nm1334526,nm0001741,nm1002424,nm0003529,nm0456158,nm0498278
tt1055369	nm0000881	nm0472567,nm0649460,nm0476064
tt0093779	nm0001661	nm0001279
tt1245492	nm0736622,nm1698571	nm0736622,nm1698571,nm1083540
tt0117060	nm0000361	nm0312367,nm0462895,nm0001873,nm0001801
tt0217869	nm0796117	nm0796117
tt1014759	nm0000318	nm0941314,nm0140902
tt0139654	nm0298807	nm0043742
tt1605783	nm0000095	nm0000095
tt2379713	nm0005222	nm0517589,nm0701031,nm0905498,nm0125336,nm0001220
tt0181852	nm0609236	nm0000116,nm0005036,nm0104335,nm0274905,nm0093328
tt0831387	nm2284484	nm1440919,nm1709264,nm0393094,nm0613609,nm0443227,nm0001104,nm0333060
tt0091763	nm0000231	nm0000231
tt0387564	nm1490123	nm1191481,nm1490123
tt0942385	nm0001774	nm0857620,nm0001774,nm1000113
tt0163651	nm0919369,nm0919363	nm0381221
tt0032138	nm0851537,nm0503777,nm0861703,nm0896542,nm0002030,nm0281808	nm0486538,nm0753249,nm0941138,nm0000875,nm0006085,nm0106505,nm0134284,nm0276252,nm0355095,nm0361971,nm0388755,nm0481618,nm0536941,nm0542534,nm0591774,nm0621790,nm0685265,nm0780833,nm0799015
tt1060277	nm0716257	nm1206844
tt1772341	nm0601781	nm0601781,nm1601882,nm0714114,nm1601644
tt0119567	nm0000229	nm0000341,nm0462895
tt0315327	nm0001723	nm0466175,nm0641479,nm0644203
tt0289043	nm0000965	nm0307497
tt0093773	nm0001532	nm0859029,nm0859049
tt1905041	nm0510912	nm0604555,nm0860155
tt1690953	nm0719208,nm1853544	nm0666791,nm0202425
tt1637688	nm0629272	nm0629272
tt0105695	nm0000142	nm0672459
tt0446029	nm0942367	nm0045209,nm0942367,nm1854069
tt0974015	nm0811583	nm0796950,nm0795975,nm0006516,nm0811583,nm0923736,nm1189346,nm0004170,nm0277730,nm0551376,nm0456158
tt1217209	nm0152312,nm0028764,nm0700760	nm0152312,nm0028764,nm0700760,nm0575293
tt1259521	nm1206844	nm0923736,nm1206844
tt0458352	nm0291205	nm0112459,nm1916979
tt0083866	nm0000229	nm0558953
tt0363771	nm0011470	nm0668754,nm0011470,nm1321655,nm1321656,nm0507000
tt0112864	nm0001532	nm0378144,nm0861636
tt0086879	nm0001232	nm0787323,nm0537004
tt0265086	nm0000631	nm0100736,nm0634307
tt0493464	nm0067457	nm0104973,nm0351929,nm0604555,nm2092839,nm1631852
tt6644200	nm1024677	nm1456816,nm1399714,nm1024677
tt0079470	nm0001402	nm0001037,nm0000092,nm0000416,nm0001385,nm0001402,nm0001589
tt0084787	nm0000118	nm0484111,nm0132168
tt0351283	nm0201509,nm0569891	nm0123666,nm1129905,nm0201509,nm0569891
tt0070047	nm0001243	nm0087861
tt0103639	nm0615780,nm0166256	nm0166256,nm0615780,nm0254645,nm0744429,nm0560329,nm0021249,nm0423161,nm0363125,nm0629734,nm0322368,nm0740311,nm0500858,nm0969162,nm0361315,nm0510674,nm0715949,nm1061362,nm0761498,nm0683724,nm0893358
tt7131622	nm0000233	nm0000233
tt2820852	nm1490123	nm0604555,nm0860155
tt0092005	nm0001661	nm0000175,nm0317279,nm0262595
tt3397884	nm0898288	nm0792263
tt0317219	nm0005124,nm0710020	nm0005124,nm0710020,nm0460146,nm1557594,nm1195697,nm1198436,nm0700760
tt0443543	nm1139726	nm1139726,nm1841035
tt0369339	nm0000520	nm0064181
tt0349903	nm0001752	nm1079776,nm0425138,nm0751207
tt1282140	nm0323239	nm1421629
tt0443453	nm0153078	nm0056187,nm0385630,nm0063165,nm0563243,nm0680846
tt0361862	nm0026442	nm0466925
tt1210166	nm0587955	nm0001873,nm0815070,nm3133181,nm1034122
tt0478311	nm0031976	nm0031976
tt1596343	nm0510912	nm0604555,nm0860155
tt0109686	nm0268380,nm0268370	nm0268380,nm0947395,nm0268370
tt1190080	nm0000386	nm0000386,nm0460057
tt0087332	nm0718645	nm0000101,nm0000601,nm0001548
tt0099674	nm0000338	nm0701374,nm0000338
tt0405094	nm0003697	nm0003697
tt3170832	nm1049433	nm1480980
tt0052357	nm0000033	nm0178785,nm0853138,nm0092267,nm0092268,nm0027173
tt5580390	nm0868219	nm0868219,nm0961827
tt0119094	nm0000247	nm0108273,nm0171718
tt1371111	nm0878756,nm0905154,nm0905152	nm3290967,nm0905154,nm0878756,nm0905152,nm4339295
tt1542344	nm0000965	nm0000965,nm0064479,nm1737008
tt0840361	nm0000255	nm0185976,nm0000255,nm0830760,nm2353561
tt0438488	nm0629334	nm0104335,nm0274905
tt0232500	nm0003418	nm0508446,nm0860155,nm0074980,nm0043742
tt0408236	nm0000318	nm0517589,nm0923839,nm0093904
tt2294449	nm0588087,nm0520488	nm0045209,nm3349927,nm0745247,nm1706767,nm0367895,nm0004798
tt0317740	nm0336620	nm0448392,nm0694526,nm0694638
tt4425200	nm0821432	nm4401003
tt0088847	nm0000455	nm0000455
tt1677720	nm0000229	nm0672015,nm2094392
tt1596363	nm0570912	nm1017488,nm0570912,nm1034122
tt0120912	nm0001756	nm0192384,nm0330565,nm0266673
tt1650062	nm0009190	nm0009190
tt2582846	nm1837748	nm2354099,nm2352210,nm1981261
tt1632708	nm0323239	nm2226647,nm2226970,nm0323239,nm0679037
tt0119174	nm0000399	nm0104335,nm0274905
tt1355644	nm0878763	nm3123612
tt0286106	nm0796117	nm0796117
tt0110475	nm0751080	nm0266430,nm0894156,nm0108273
tt1587310	nm0834902	nm0941314,nm0674518,nm0052520,nm0382548,nm0670328,nm0672093,nm0727370,nm0780799,nm0942723
tt0964517	nm0751102	nm0798788,nm0848496,nm2053216,nm2565612
tt2381249	nm0003160	nm0003160,nm1510800,nm0312367
tt0096895	nm0000318	nm0004170,nm0358334,nm0803730
tt1065073	nm0000500	nm0000500
tt0230600	nm0024622	nm0024622
tt0099423	nm0001317	nm0905709,nm0211823,nm0724514
tt0454848	nm0000490	nm1897957
tt1477834	nm1490123	nm0424901,nm3263825,nm0424315,nm1490123,nm3542504,nm0918816
tt1409024	nm0001756	nm1000113,nm0192384
tt0395169	nm0313623	nm0669311,nm0313623
tt0396269	nm0229694	nm0264520,nm1462097
tt1182345	nm1512910	nm1512910,nm2914162
tt1270797	nm0281508	nm0684374,nm0003298,nm0545150,nm0568825,nm2163440
tt1068680	nm0715636	nm0831557,nm0666871,nm2361949,nm0991245
tt0338751	nm0000217	nm0517589
tt2380307	nm0881279,nm2937122	nm0881279,nm0441735,nm0017690,nm2937122
tt0357413	nm0570912	nm0002071,nm0570912
tt0328107	nm0001716	nm0704031,nm0001338
tt0317919	nm0009190	nm0476064,nm0649460,nm0009190,nm0312367
tt1187043	nm0386246	nm0386246,nm0430785,nm0006765,nm2746459
tt0363163	nm0386570	nm0251536,nm0275264,nm0432622,nm0612199
tt1320253	nm0000230	nm1709264,nm0000230
tt0162661	nm0000318	nm0410331,nm0944892,nm0001825
tt0455944	nm0298807	nm0921013,nm0805994,nm2030456
tt0111257	nm0000957	nm0003662
tt1490017	nm0588087,nm0520488	nm0520488,nm0588087,nm1087952,nm1156984,nm9204083,nm9204084,nm9204085,nm0481990,nm0247653
tt0377092	nm0914134	nm1577281,nm0275486
tt0343660	nm0781842	nm1286500
tt0118971	nm0000431	nm0003825,nm0501380,nm0006904
tt1231583	nm0680846	nm0169182,nm0293139,nm1186373,nm0680846
tt1907668	nm0000709	nm0309691
tt0119698	nm0594503	nm0594503,nm0301274
tt0388795	nm0000487	nm0698925,nm0573505,nm0652223
tt1193138	nm0718646	nm1174529,nm0718646,nm1417242
tt0298130	nm0893659	nm0472567,nm0840626,nm0847126
tt1306980	nm1349522	nm1672425
tt0496806	nm0001752	nm0002718,nm0505522,nm0425138,nm0751207
tt1453405	nm0768959	nm0768959,nm0314870,nm0047916,nm2937122
tt1104001	nm2676052	nm0457736,nm0395271,nm0460206,nm1600872,nm0513974,nm0531381
tt0120667	nm1103162	nm0004111,nm0289833,nm0498278,nm0456158
tt0910936	nm0337773	nm0736622,nm1698571,nm0031976
tt0238380	nm0934483	nm0934483
tt0081398	nm0000217	nm0483766,nm0141734,nm0678014,nm0001707,nm0552731
tt1748122	nm0027572	nm0027572,nm0178910
tt0117500	nm0000881	nm0918711,nm0177018,nm0743119
tt0213149	nm0000881	nm0908824
tt0166924	nm0000186	nm0000186
tt0091042	nm0000455	nm0000455
tt0120755	nm0000247	nm0312367,nm0601822,nm0103804,nm0001801
tt0212338	nm0005366	nm0322839,nm0164898,nm0381272,nm0357453
tt0462538	nm0798899	nm0000985,nm0004981,nm0419830,nm0561631,nm0583127,nm0592400,nm0718514,nm0780288,nm0783468,nm0841990,nm0900140,nm1121389,nm0295791,nm0519209,nm0697052,nm0800376
tt0822854	nm0298807	nm0501380,nm2394211
tt0119396	nm0000233	nm0000233,nm0001465
tt0167190	nm0868219	nm0868219,nm1486009,nm0586005
tt0477347	nm0506613	nm0304830,nm0502073,nm2025683
tt0047478	nm0000041	nm0000041,nm0368074,nm0644823
tt0347149	nm0594503	nm0594503,nm1168510
tt0120601	nm0005069	nm0442109
tt0887883	nm0001053,nm0001054	nm0001054,nm0001053
tt1707386	nm0393799	nm0629933,nm0098842,nm0774744,nm0471014,nm0401076
tt0077416	nm0001047	nm0001047,nm0913346,nm0307311,nm0714793
tt1517451	nm0177896	nm0744839,nm0177896,nm3391497,nm0366454,nm0242869,nm0225820,nm0682757,nm0920074,nm0308604
tt2788710	nm1698571,nm0736622	nm1003839,nm0736622,nm1698571
tt1403865	nm0001053,nm0001054	nm0001054,nm0001053,nm0692427
tt0790724	nm0003160	nm1676193,nm0003160
tt0399201	nm0000881	nm1047021,nm0476064,nm0649460
tt0425210	nm0006476	nm1429512
tt0368891	nm0005509	nm0467942,nm0926727,nm0926729,nm0043233,nm1469874
tt0970179	nm0000217	nm0517589,nm2561765
tt0389860	nm0178997	nm0466175,nm0641479
tt4633694	nm0745247,nm0709056,nm2130108	nm0520488,nm0745247
tt0209163	nm0814085	nm0814085
tt0087843	nm0001466	nm0340580,nm0073053,nm0207401,nm0575804,nm0033490,nm0274853,nm0001466,nm0436757,nm0002759
tt1646971	nm0213450	nm0213450,nm2441763
tt2109248	nm0000881	nm0472567
tt0360486	nm1349376	nm1393443,nm1212017,nm0110778,nm0135141
tt0433035	nm0506613	nm0309691,nm0319659,nm0505230,nm0558577
tt0100802	nm0000682	nm0001140,nm0795953,nm0639321,nm0693956,nm0325778
tt2322441	nm0853374	nm0545150,nm1093317
tt0113497	nm0002653	nm0378144,nm0852430,nm0833164,nm0885575
tt0386588	nm0855035	nm1358355
tt0399295	nm0629272	nm0629272
tt0944835	nm0637518	nm0934483
tt1764651	nm0922346	nm0921013,nm0000230,nm0442190,nm0013234,nm1709264
tt0163025	nm0002653	nm0000341,nm0118224,nm0668247,nm0852591
tt0064116	nm0001466	nm0006872,nm0001466,nm0000783,nm0000934
tt0120663	nm0000040	nm0000040,nm0710698,nm0774217
tt2283362	nm0440458	nm0571344,nm1273099,nm0003298,nm0684374,nm0885575,nm0852430,nm0378144,nm0833164
tt0453467	nm0001716	nm1319490,nm0744429
tt0359950	nm0001774	nm0175726,nm0862122
tt0110148	nm0001403	nm0723351
tt0104431	nm0001060	nm0000455
tt1125849	nm0004716	nm1557909
tt6966692	nm0268380	nm0885014,nm0192942,nm0268380
tt0053125	nm0000033	nm0499626
tt1041829	nm0281945	nm1095804
tt0056592	nm0612322	nm0497369,nm0285210
tt0212720	nm0000229	nm0000735,nm0914668,nm0000229
tt0129387	nm0268370,nm0268380	nm0214036,nm0833828,nm0268380,nm0268370
tt1037705	nm0400436,nm0400441	nm1729428
tt1951261	nm0680846	nm0680846,nm0563301,nm0524190,nm0601859
tt1397280	nm0576298	nm0000108,nm0436543
tt0147800	nm0432627	nm0527581,nm0809006,nm0000636
tt0449467	nm0327944	nm0037247,nm0327944
tt0107688	nm0783139	nm0000318,nm0568313,nm0003031
tt0489099	nm0510731	nm0333060,nm0880243,nm1334526,nm2092479
tt2194499	nm0193485	nm0193485
tt1245526	nm0777881	nm0388377,nm0388375,nm1979137,nm1216642
tt0472043	nm0000154	nm0000154,nm1731154
tt0175880	nm0000759	nm0000759
tt0381849	nm0003506	nm0919925,nm0104973,nm0351929,nm0001465
tt0878804	nm0359387	nm0359387,nm1034122
tt0071315	nm0000591	nm0001801,nm0000591
tt0293662	nm0504642,nm0477035	nm0000108,nm0436543
tt0379786	nm0923736	nm0923736
tt0814314	nm0610831	nm1455356
tt5095030	nm0715636	nm0571344,nm1273099,nm0748620,nm3029372,nm2592245,nm0498278,nm1293367,nm0456158
tt1194173	nm0006904	nm0006904,nm0319659,nm0524924
tt2004420	nm0831557	nm1157527,nm1895993
tt0092099	nm0001716	nm0143596,nm0258390,nm1274594,nm0803730
tt0031381	nm0939992,nm0002030,nm0281808	nm0593565,nm0397608,nm0308177,nm0372942,nm0842485,nm0886668
tt1179933	nm0870469	nm1061091,nm1173295,nm3227090
tt0116367	nm0001675	nm0476071,nm0000233
tt3682448	nm0000229	nm4131020,nm0001053,nm0001054
tt0190590	nm0001054,nm0001053	nm0392955,nm0001053,nm0001054
tt0117571	nm0000127	nm0932078
tt0100405	nm0005190	nm0493369
tt1253863	nm1729171	nm0811583,nm0426500,nm0588340
tt0884328	nm0001104	nm0001104,nm0000175
tt0119177	nm0629272	nm0629272
tt1152836	nm0000520	nm0072032,nm0000520,nm0081189,nm0123174
tt0119528	nm0001723	nm0345488,nm0563397
tt0413267	nm1844237,nm0401203	nm0696949,nm0780620,nm1844237,nm0912403,nm0011470,nm0825308,nm0254645,nm0744429,nm0776107,nm0830294
tt1951266	nm1349376	nm0185976,nm0834960,nm1056741
tt0348150	nm0001741	nm1002424,nm0003529,nm0001741,nm0796950,nm0795975
tt0118880	nm0922346	nm0003298
tt1735898	nm2782185	nm2489193,nm0359387,nm0024925
tt0094226	nm0000361	nm0289708,nm0626479,nm0000519
tt1981677	nm0601337	nm0134224,nm3015467
tt0103644	nm0000399	nm0639321,nm0795953,nm0911910,nm0318429,nm0001353,nm0272511
tt1591095	nm1490123	nm1191481
tt0109040	nm0001723	nm0077062,nm0001723,nm0000120
tt0800320	nm0504642	nm2012438,nm0006534,nm0542062,nm0189117
tt0119008	nm0001565	nm0685587,nm0940361,nm0001921
tt0473075	nm0001565	nm0945026,nm1215164,nm0076166,nm0575338
tt0119822	nm0000985	nm0029125,nm0000985
tt0103776	nm0000318	nm0004170,nm0914058,nm0358334
tt0278504	nm0634240	nm0782711,nm0296154,nm0804408
tt0808151	nm0000165	nm0462895,nm0326040,nm1467010
tt4912910	nm0003160	nm0312367,nm0003160
tt1197624	nm0336620	nm0934483
tt1645170	nm0153078	nm0056187,nm0073688,nm0541635,nm0769840
tt3778644	nm0000165	nm0440459,nm0001410,nm0000184
tt1790885	nm0000941	nm1676793
tt1706620	nm0094435	nm0094435,nm1031176,nm2441468,nm0499429,nm2440893
tt1133985	nm0132709	nm0075528,nm0338169,nm0973233,nm0325533
tt0203009	nm0525303	nm0525303,nm0668902
tt6320628	nm1218281	nm0571344,nm1273099,nm0498278,nm0228492
tt0120201	nm0000682	nm0627159,nm0374423
tt1478338	nm0082450	nm1325419,nm1754239
tt0320661	nm0000631	nm1184258
tt1028528	nm0000233	nm0000233
tt0125439	nm0585011	nm0193485
tt0838283	nm0570912	nm0002071,nm0570912,nm0000604
tt2106476	nm0899121	nm2105585,nm0899121
tt1259571	nm0919363	nm0742279,nm2769412
tt0120623	nm0005124,nm0004056	nm0005124,nm0004056,nm0710020,nm0568490,nm0789624
tt1091191	nm0000916	nm0000916,nm2877226,nm0732961
tt3799694	nm0000948	nm0000948,nm0046524
tt0112384	nm0000165	nm0522554,nm0460200,nm0115310,nm0718031
tt0332379	nm0000500	nm0925234
tt0800039	nm0831557	nm0781981
tt0106977	nm0001112	nm0835732,nm0878638,nm0400403
tt2771200	nm0174374	nm0154716,nm0818746,nm0941314,nm0207305,nm3343855
tt0265666	nm0027572	nm0027572,nm0005562
tt0056172	nm0000180	nm0493042,nm0004122,nm0933858
tt3731562	nm3611349	nm0319659,nm1440919,nm2081046,nm0309691,nm0178260,nm0908624
tt0187078	nm0784061	nm0355181,nm0003298
tt0096283	nm0594503	nm0594503
tt2798920	nm0307497	nm0307497,nm4554159
tt1638355	nm0005363	nm0005363,nm0927880,nm0458566,nm0933276,nm0738222
tt1013752	nm0510912	nm0604555,nm0860155
tt0120669	nm0000416	nm0860219,nm0000416,nm0342617,nm0204000,nm0007182
tt0411477	nm0868219	nm0868219,nm0586005
tt0112471	nm0000500	nm0000500,nm0471811
tt3040964	nm0269463	nm1098479,nm0456017
tt4649466	nm0891216	nm0963359,nm0891216,nm2092839,nm1733301
tt0463854	nm0294379	nm0423626,nm0294379,nm0492038,nm0647449
tt0450385	nm0405632	nm0338557,nm0018735,nm0438989,nm0000175
tt0401729	nm0004056	nm0004056,nm0028764,nm0149290,nm0123194
tt1340138	nm0851930	nm0436164,nm0527261,nm0000116,nm0005036
tt2302755	nm0298807	nm4950667,nm4951717
tt1650554	nm0905592	nm0905592,nm2092839,nm1348210
tt1213663	nm0942367	nm0670408,nm0942367
tt0955308	nm0000631	nm0001338,nm0717550,nm0903456
tt0190332	nm0000487	nm0238893,nm0910924,nm0770005,nm0874631
tt2737304	nm0081540	nm2104063,nm4789922
tt4975722	nm1503575	nm1503575,nm4144120
tt0286716	nm0000487	nm0498278,nm0456158,nm0770005,nm0877273,nm0289833
tt0320691	nm0936482	nm0340485,nm0936482,nm0564286
tt0258000	nm0000399	nm0462895
tt0486655	nm0891216	nm0963359,nm0891216,nm0301274
tt0061722	nm0001566	nm0932229,nm0377750,nm0916047
tt0486576	nm1103162	nm0668309,nm0004111,nm0877273,nm0498278,nm0456158
tt0187393	nm0000386	nm0734441
tt2140479	nm0640334	nm4057793
tt0438097	nm0757858	nm0310087,nm0841532,nm2186362,nm5022110
tt0290002	nm0005366	nm0322839,nm0164898,nm0381272,nm0405190,nm0357453
tt0094721	nm0000318	nm0568313,nm0933733,nm0803730
tt0212985	nm0000631	nm0365383,nm0000519,nm0001873
tt0183649	nm0001708	nm0169540
tt0075686	nm0000095	nm0000095,nm0108613
tt0105323	nm0000976	nm0037097,nm0325743,nm0531431,nm0728271
tt3521164	nm2320658,nm0615780,nm0166256,nm0930261	nm1158544,nm0166256,nm0615780,nm0930261,nm2320658,nm0962596,nm3764118,nm3764493
tt0118884	nm0000709	nm0366337,nm0325533,nm0755981,nm0238668
tt1790809	nm1650283,nm1461392	nm0622288,nm0744429,nm0254645,nm0064181,nm0938684
tt2024469	nm1429471	nm1622147,nm1496753,nm0257513
tt0181875	nm0001081	nm0001081
tt1343727	nm0871428	nm0905957,nm0264338,nm0307497
tt1401152	nm1429471	nm0124700,nm0180508,nm0885857
tt0452623	nm0000255	nm0000255,nm0830760,nm1212331
tt0429493	nm0138620	nm0138620,nm0089141,nm0940790,nm0526967,nm0004798
tt0259711	nm0001081	nm0024622,nm0317834,nm0001081
tt0322259	nm0005436	nm0860155,nm0104973,nm0351929
tt1302011	nm0950775	nm0008743,nm0074184,nm0717550,nm0903456
tt4881806	nm1291105	nm2081046,nm1119880,nm0000341
tt2316204	nm0000631	nm0639321,nm0795953,nm1438698,nm0338169,nm0517589,nm0363837
tt0414387	nm0942504	nm0000807,nm0595738,nm0000668
tt0289765	nm0711840	nm0365383,nm0848217
tt0120804	nm0027271	nm0027271
tt0196229	nm0001774	nm0766153,nm0001774,nm0357453
tt1077368	nm0000318	nm0334381,nm0041864,nm0193303
tt0298203	nm0000436	nm0798788
tt2527338	nm0009190	nm0006516,nm0009190,nm2081046,nm1119880,nm0000184
tt0338526	nm0814085	nm0814085
tt0783233	nm0942504	nm0568605,nm0358960
tt0443272	nm0000229	nm1065785,nm0329447
tt2397535	nm1294961,nm1294962	nm1294961,nm1294962,nm0374423
tt1959490	nm0004716	nm0004716,nm0359504
tt3076658	nm3363032	nm3363032,nm2128400,nm0000230
tt0257044	nm0005222	nm0172523,nm0713479,nm0783100
tt1028532	nm0002120	nm2124742,nm0793881
tt0120762	nm0051643,nm0176905	nm0760745,nm0398763,nm0761498,nm0493857,nm0802027,nm0098316,nm0213450,nm0998551,nm0930261,nm0388113,nm1434301,nm0560329,nm0177170,nm0424556,nm0258059,nm0326814,nm0335469,nm0635488,nm0941314,nm2131929,nm0650276,nm0721675,nm0234837,nm0460146,nm0723633,nm0252346,nm2132236,nm0774599,nm0423161,nm0632893,nm0811279,nm1511627
tt0120611	nm0635759	nm0333060
tt0368447	nm0796117	nm0796117
tt1706593	nm2503633	nm0484840,nm2503633
tt1817273	nm0161834	nm0161834,nm1397579,nm2942187
tt1601913	nm0138620	nm0138620,nm2259451
tt1385826	nm1079776	nm1079776,nm0001140
tt1386703	nm0936482	nm0934483,nm0093560,nm0795953,nm0639321,nm0693956,nm0325778
tt0497465	nm0000095	nm0000095
tt0803096	nm1512910	nm0495378,nm1512910
tt0151804	nm0431918	nm0431918
tt0215750	nm0000269	nm0000269,nm0323708
tt0252866	nm0736930	nm0381221,nm0825738
tt0107614	nm0001060	nm0277590,nm0802020,nm0228908
tt0121164	nm0000318,nm0425843	nm0000318,nm0335022,nm0041864,nm0003031,nm0972040
tt0457939	nm0583600	nm0583600
tt0221027	nm0001130	nm0692051,nm0571346,nm0001024
tt1931533	nm1732981	nm1732981
tt0053291	nm0000697	nm0000697,nm0224634,nm0858329,nm0517615
tt1440129	nm0000916	nm0388377,nm0388375
tt0116695	nm0001081	nm0001081
tt1386588	nm0570912	nm0570912,nm0376260
tt0113189	nm0132709	nm0001220,nm0289833,nm0128997,nm0270761
tt3110958	nm0160840	nm0004412,nm1095804,nm0945026,nm3242689
tt0070735	nm0001351	nm0911486
tt0099348	nm0000126	nm0086658
tt0824747	nm0000142	nm0833089
tt0463985	nm0510912	nm0604555
tt0120812	nm0711840	nm0482780,nm0467942
tt0089218	nm0001149	nm0001060,nm0000229
tt1033575	nm0668247	nm0668247,nm0269542,nm0711110,nm2655611
tt0111503	nm0000116	nm0956022,nm0584770,nm0436687,nm0000116
tt0479884	nm0004410,nm0962729	nm0004410,nm0962729
tt0112462	nm0001708	nm0004170,nm0060761,nm0060760,nm0326040
tt0118749	nm0000759	nm0000759
tt1092026	nm0609549	nm0670408,nm0296545
tt4034228	nm0518836	nm0518836
tt0093409	nm0001149	nm0000948,nm0090151
tt0363547	nm0811583	nm0001681,nm0348181
tt0396171	nm0878756	nm0001949,nm0251536,nm0878756,nm0845752
tt0448134	nm0000965	nm0307497
tt1032755	nm0005363	nm0005363
tt0118688	nm0001708	nm0004170,nm0326040
tt3606756	nm0083348	nm0083348
tt0072890	nm0001486	nm0682757,nm0460190,nm0601944,nm0909063
tt2277860	nm0004056,nm0533691	nm0004056,nm0835194,nm0677037,nm0533691
tt0432348	nm1135423	nm1191481,nm1135423
tt0097757	nm0166256,nm0615780	nm0615780,nm0166256,nm0026153,nm0039141,nm0334057,nm3071117,nm0399252
tt1192628	nm0893659	nm0517589,nm0893659,nm0126096
tt0978764	nm0811583	nm0811583,nm0793122
tt0976051	nm0197636	nm0002376,nm0772384
tt0185937	nm0617130,nm0844896	nm0617130,nm0844896,nm0231946
tt0358273	nm0003506	nm0143599,nm0219456,nm0003506,nm1789517
tt1464540	nm0142286	nm0332184,nm0587692,nm0637497,nm3787416,nm0294580
tt1655442	nm0371890	nm0371890
tt0175142	nm0005540	nm0915465,nm0005541,nm0424688,nm0064556,nm0294997,nm0783536
tt0102057	nm0000229	nm0057381,nm0366337,nm0145309,nm0549369
tt0104257	nm0001661	nm0815070
tt2229499	nm0330687	nm0330687
tt0093870	nm0000682	nm0627159,nm0591160
tt0077631	nm0459170	nm0414448,nm0143558,nm0940125,nm0139591
tt0144117	nm0240627	nm0240627
tt1673434	nm0174374	nm0742279,nm2769412
tt0414993	nm0004716	nm0004716,nm0359504
tt0825232	nm0001661	nm0951698
tt3079380	nm0082450	nm0082450
tt0478087	nm0525659	nm0826042,nm1615610,nm0583826
tt1823672	nm0088955	nm0088955,nm2833612
tt0364725	nm1098493	nm1098493
tt1212450	nm0384825	nm0147022,nm2967574
tt0985699	nm0001741	nm0003160,nm1267492
tt0765443	nm0000343	nm1140275
tt0120660	nm0001716	nm0545861
tt0082096	nm0000583	nm0000583,nm0118164
tt0195714	nm0939128	nm0604688,nm0939128,nm0714695
tt1211956	nm0405632	nm1974016,nm0445669
tt0134847	nm0878638	nm0923646,nm0003117,nm0878638
tt0118583	nm0000466	nm0639321,nm0795953,nm0923736
tt1855199	nm0043742	nm0043742
tt0112442	nm0000881	nm0303032,nm0057398,nm0611848,nm0724514
tt4550098	nm1053530	nm1053530,nm7216022
tt1325004	nm1720541	nm0742279,nm2769412
tt0381681	nm0000500	nm0000500,nm0000365,nm0000160,nm0471811
tt1375670	nm0240797	nm0001191,nm0937748
tt0315733	nm0327944	nm0037247
tt2660888	nm0510912	nm0670408,nm1136647,nm0734472,nm0649460,nm4259881,nm4260438
tt0059578	nm0001466	nm0001466,nm0607694,nm0898812,nm0006872,nm0217270,nm0223964
tt3263904	nm0000142	nm0464548,nm3314810,nm5293055
tt1731141	nm0004303	nm0004303,nm0136298
tt0077651	nm0000118	nm0000118,nm0384185
tt0309698	nm0003506	nm0177769
tt0399146	nm0000343	nm0905957,nm1583671,nm0647939
tt1001526	nm0569891	nm0774786,nm2523794
tt6146586	nm0821432	nm4401003,nm8748334,nm2384772,nm0009207
tt0172156	nm0000881	nm0303032,nm0926729,nm0926727,nm0005421,nm0821466
tt0430922	nm0906476	nm0000251,nm0380819,nm0748620,nm0906476,nm0547800
tt0259324	nm0425756	nm0425756
tt0183505	nm0268370,nm0268380	nm0268380,nm0148808,nm0268370
tt0163978	nm0000965	nm0388076,nm0307497
tt0083944	nm0467646	nm0606251,nm0468997,nm0755266,nm0000230
tt1324999	nm0174374	nm0742279,nm2769412
tt0243155	nm0536632	nm0276144,nm0203577,nm0193485
tt1210819	nm0893659	nm1244808,nm0254645,nm0744429
tt0898367	nm0384825	nm0671856,nm0565092
tt1485796	nm1243905	nm0081081,nm0174374
tt0448011	nm0001639	nm0669379,nm1340000,nm0925482
tt1179904	nm2305431	nm2305431
tt1243957	nm0003697	nm0003697,nm0003160,nm0271501,nm1362432
tt0118655	nm0005366	nm0000196
tt1588173	nm1349522	nm3772853,nm1349522
tt0245712	nm0327944	nm0037247
tt3450958	nm0716257	nm0093560,nm0716257,nm0415425,nm0798646,nm0099541
tt0107818	nm0001129	nm0638913
tt1080016	nm0757858,nm0862211	nm0073850,nm0010004,nm0718514,nm3229505,nm3508936,nm0310087,nm0841532,nm5022110
tt0057115	nm0836328	nm0108595,nm0165412,nm0122446
tt0837562	nm0850733	nm0063165,nm0806912,nm0244110,nm1087952,nm1156984
tt0486822	nm0142286	nm0484907,nm0255296
tt0420223	nm0286975	nm1590998
tt0095765	nm0868153	nm0868153,nm0660031,nm0258268
tt0083987	nm0000277	nm0109300
tt0462499	nm0000230	nm0599393,nm0000230,nm0606251
tt0465234	nm0005509	nm0926729,nm0926727,nm0201304,nm0254645,nm0744429,nm0467942,nm0043233,nm1469874
tt1124035	nm0000123	nm0000123,nm0381416,nm2802722
tt1234721	nm0655683	nm2440587,nm0627159,nm0591160
tt0095327	nm0847223	nm0636435,nm0847223
tt2209764	nm0002892	nm1438698
tt0448115	nm2497546	nm2849655,nm0501359,nm1791910,nm1304148
tt0145660	nm0005366	nm0000196,nm0567112
tt0427944	nm0718646	nm0718646,nm1740772
tt1564367	nm0240797	nm1615610,nm0000251,nm0224634,nm0123242,nm0054667,nm0344899
tt4046784	nm1226871	nm2385905,nm4212895
tt0296572	nm0878638	nm0923646,nm0003117,nm0878638
tt3065204	nm1490123	nm0370937,nm0370928,nm1490123,nm0424901
tt1302006	nm0000217	nm0001873,nm3153307
tt0052618	nm0943758	nm0908753,nm0876562,nm0000683,nm0027173,nm0067103,nm0296737
tt0302886	nm0680846	nm1216189,nm0680846,nm0035905
tt0983193	nm0000229	nm0378960,nm0595590,nm0942367,nm0180428
tt0384537	nm0304521	nm0000812
tt0373469	nm0000948	nm0356539,nm0000948
tt0319343	nm0269463	nm1183854
tt0080678	nm0000186	nm0212246,nm0075015,nm0000186,nm0872375,nm0598744
tt0299658	nm0551128	nm0174374,nm0002080,nm0247939,nm0914362
tt1798684	nm0298807	nm1176676
tt2908446	nm0777881	nm3929259,nm0326040,nm0093560,nm4316121
tt0110632	nm0000231	nm0000233,nm0892705,nm0752116,nm0000231
tt0138097	nm0006960	nm0635565,nm0001779
tt1922777	nm0220600	nm0220600,nm1803036
tt0109445	nm0003620	nm0003620
tt1598778	nm0001752	nm1994243
tt1832382	nm1410815	nm1410815
tt0335345	nm0000154	nm0280179,nm0000154
tt0045152	nm0000037,nm0002045	nm0173679,nm0337582
tt0133152	nm0000318	nm0099541,nm0115310,nm0465199,nm0742797
tt1424381	nm0030735	nm0514821,nm3360218,nm0859029,nm0859049
tt0758774	nm0000631	nm1184258,nm2015758
tt0485947	nm0233757	nm0233757
tt0108550	nm0002120	nm0373282
tt0333766	nm0103785	nm0103785
tt1411238	nm0718645	nm2057975,nm0759986
tt0408306	nm0000229	nm1065785,nm0744839,nm0427305
tt0120655	nm0003620	nm0003620
tt1132620	nm0649117	nm1064048,nm1065452,nm2297183
tt0119643	nm0000976	nm0651592,nm0719734,nm0905458,nm0325743,nm0143281,nm0274923,nm0027173,nm0499628
tt1189340	nm1026778	nm0738908,nm0175093
tt0795421	nm1630273	nm0424735
tt0116996	nm0000318	nm0114083,nm0312481,nm0940071,nm0694035,nm0766921,nm0312607
tt2293640	nm0049633,nm1853544	nm0528244
tt1220719	nm0948159	nm2774833,nm5335213
tt0287978	nm0425756	nm0425756
tt0117509	nm0525303	nm0000636,nm0668902,nm0525303
tt0027977	nm0000122	nm0000122
tt0409847	nm0269463	nm0649460,nm0476064,nm0511541,nm1318843,nm1319757,nm0644203,nm0003321
tt2361509	nm0583600	nm0583600
tt2381941	nm0275629,nm0720135	nm0275629,nm0720135
tt2126355	nm0679031	nm0193681,nm1061002,nm0664920
tt1321870	nm0281508	nm3263825,nm4624299
tt4160708	nm1793079	nm1793079,nm2140186
tt0123755	nm0622112	nm0082008,nm0622112,nm0543919
tt1139797	nm0019247	nm0512137
tt4925292	nm1950086	nm1950086
tt2334879	nm0000386	nm0888743
tt0251127	nm0677953	nm0018630,nm0519009,nm0118649,nm0716391,nm0824882
tt0080339	nm0958387,nm0000720,nm0001878	nm0000720,nm0001878,nm0958387,nm0058826,nm0150712,nm0354150
tt1436562	nm0757858	nm0757858,nm0427993,nm5333675,nm0722610,nm0827985,nm0893262,nm0363958
tt4196776	nm0339030	nm0339030,nm0002582,nm0524924
tt1599348	nm1174251	nm1638756
tt0416320	nm0000095	nm0000095
tt0246460	nm0848414	nm0001220,nm0701031,nm0905498
tt0305224	nm0781842	nm0233563
tt0479143	nm0000230	nm0000230
tt1605630	nm1376383,nm1375358	nm1375358,nm1376383,nm0381221
tt3464902	nm0487166	nm0487166,nm3328207
tt1291150	nm0509448	nm0032227,nm0625858,nm2489193,nm0481990,nm0247653
tt1142988	nm0525659	nm2946831,nm0527581,nm0809006
tt0108399	nm0001716	nm0000233,nm0000812
tt0425061	nm0781842	nm0040022,nm0256079,nm0000316,nm0377750
tt0376541	nm0001566	nm0544999
tt1623205	nm0000600	nm0438449,nm1865755,nm0000875
tt0431308	nm0481418	nm0481418,nm0737216,nm1754499
tt1289401	nm0082450	nm1767754,nm0082450,nm0718645,nm0000101,nm0000601
tt0265208	nm0339004	nm0905858,nm0325166,nm0089742
tt1046173	nm0814085	nm0064181,nm0254213,nm1749087,nm1290582,nm0814085
tt3235888	nm1379002	nm1379002
tt1077258	nm0001675	nm0001675
tt0311113	nm0001837	nm1140640,nm0001837,nm0171722
tt0308644	nm0286975	nm0460632,nm1341735
tt0170016	nm0000165	nm0317450,nm0696949,nm0780620
tt0087800	nm0000127	nm0000127
tt0112281	nm0644203	nm0077062,nm0644203
tt0064115	nm0001351	nm0001279
tt0844471	nm0588087,nm0520488	nm0520488,nm0588087,nm2360213,nm2360861,nm0338576
tt1980209	nm0000881	nm1321655,nm1321656,nm2431017
tt1606378	nm0601382	nm0940790,nm0861636
tt0479952	nm0201509,nm0569891	nm1000113,nm0201509,nm0569891,nm0123666,nm1129905
tt4123430	nm0946734	nm0746830
tt0281358	nm0788202	nm0817023,nm0418321
tt3741834	nm0204628	nm6506884,nm1729294
tt0050212	nm0000180	nm0099541,nm0286025,nm0933858
tt0187738	nm0868219	nm0938379,nm0170160,nm0333060
tt5442430	nm1174251	nm1014201,nm1116660
tt0059742	nm0936404	nm0403346,nm0512231,nm0189496,nm0499626,nm0903125
tt0452608	nm0027271	nm0027271,nm0858379,nm0341458,nm0577477
tt0119282	nm0166256,nm0615780	nm0166256,nm0615780,nm0568490,nm0789624,nm0575293,nm0436314,nm0927845,nm0142200,nm0708319,nm0811279,nm0314788,nm0361315,nm1073262,nm0322368,nm0448208,nm0606407,nm0234837,nm0258059
tt3402236	nm0000110	nm0338169,nm0002005
tt0266915	nm0711840	nm0482780,nm0622288
tt2184339	nm0218621	nm0218621
tt4630562	nm0336620	nm0860155,nm0604555
tt0120855	nm0510674,nm0118333	nm0614742,nm0879318,nm0925276,nm0027459,nm0448208,nm0390511,nm0110293,nm0110294,nm0234837,nm0326814,nm0370696,nm2320658,nm0363125,nm0443855,nm0560329,nm0632893,nm0636236,nm0811279,nm0839720,nm2150515,nm0910559,nm1850798,nm0927845,nm0708319,nm0123194
tt0146316	nm0922346	nm0153384,nm0108273,nm0171718,nm0922346,nm0557270,nm0957003
tt0106519	nm0000361	nm0868620,nm0462895
tt0435625	nm0551076	nm0551076
tt7784604	nm4170048	nm4170048
tt0142342	nm0240797	nm0291692,nm0379056,nm0001191
tt0374900	nm0381478	nm0381478,nm1415801
tt0949731	nm0796117	nm0796117
tt0181865	nm0001752	nm0601881,nm0300866
tt0032553	nm0000122	nm0000122
tt0210945	nm0945026	nm0397322
tt1155056	nm0357453	nm0357453,nm0505648
tt0339291	nm0797869	nm0330565,nm1274516
tt0295178	nm0005366	nm0000196,nm0567112
tt1428538	nm2482088	nm2482088,nm0342278,nm0342303
tt0481369	nm0001708	nm2043734
tt2674426	nm4824763	nm4424713
tt0328828	nm0245888	nm0381221
tt0043014	nm0000697	nm0102818,nm0000697,nm0551261
tt2719848	nm0466349	nm0629933,nm0064479
tt1272878	nm0466349	nm1398578,nm1556427
tt0356150	nm0769840,nm0073688,nm0541635	nm0073688,nm0541635,nm0769840
tt0092890	nm0001915	nm0075044
tt0158983	nm0005295	nm0005295,nm0001778,nm0103702
tt0094737	nm0001508	nm0002657,nm0818576
tt2582782	nm0533284	nm0792263
tt0087363	nm0001102	nm0001060
tt0116483	nm0240797	nm0379056,nm0001191
tt1284575	nm0440458	nm1969144,nm1072409
tt1815862	nm0796117	nm1729428,nm0796117,nm0000226
tt0099653	nm0958387	nm0748022
tt0985694	nm0542450,nm0001675	nm0001675,nm0736155
tt1219827	nm2782185	nm0794385,nm1150145,nm0923980,nm0472567
tt1649419	nm1291105	nm1037221,nm5377442
tt0499448	nm0011470	nm0011470,nm1321655,nm1321656,nm0507000
tt0058461	nm0001466	nm0093501,nm8800791,nm0146033,nm0001466,nm0173549,nm0000041,nm0223964,nm0452878,nm0856319,nm0884547
tt0207201	nm0583600	nm0326092,nm0951135,nm0236884
tt0959337	nm0005222	nm1244808,nm0946817
tt0388482	nm0504642	nm0000108,nm0436543
tt2334873	nm0000095	nm0000095
tt0327597	nm0783139	nm0783139,nm0301274
tt0437086	nm0001675	nm0000116,nm0436164,nm1738737
tt0401855	nm0936482	nm0564286,nm0936482,nm0340485
tt0432283	nm0027572	nm0001094,nm0027572,nm0000876
tt0098635	nm0001661	nm0001188
tt2234155	nm0506613	nm0000681,nm2972864
tt0128853	nm0001188	nm0529450,nm0001188,nm0258286
tt0993842	nm0942504	nm2605946,nm1016333
tt5362988	nm0792263	nm0792263
tt0960144	nm0240797	nm0001191,nm0806912,nm0031976
tt0130827	nm0878756	nm0878756
tt0481499	nm0210320,nm0761498	nm0761498,nm0210320,nm0000092
tt1636826	nm1294036	nm0236966,nm0045209
tt0079501	nm0004306	nm0565537,nm0004306,nm0447945
tt2321549	nm0448768	nm0448768
tt1667889	nm0553942,nm0862211	nm0073850,nm0297229,nm1000858
tt2883512	nm0269463	nm0269463
tt1148204	nm1429471	nm0424901,nm2858852
tt1127180	nm0000600	nm0000600,nm0706898
tt1899353	nm2153088	nm2153088
tt0103874	nm0000338	nm0831290,nm0366337
tt4846340	nm0577647	nm2284377,nm0577647,nm7446421
tt0118929	nm0001639	nm0001639,nm0229644,nm0333060
tt0371724	nm1134029	nm0010930,nm0456732
tt0079817	nm0000230	nm0000230
tt2704998	nm0326246,nm0197855	nm0991423
tt0143145	nm0000776	nm0701031,nm0905498,nm0270761,nm0001220
tt0397892	nm0397174,nm0930261	nm1557594,nm0930261
tt0088846	nm0000416	nm0000416,nm0001779,nm0571650,nm0023395
tt0117665	nm0001469	nm0136262,nm0001469
tt1305806	nm0002728	nm3160078,nm0002728
tt0318627	nm0936838	nm0027271
tt6823368	nm0796117	nm0796117
tt1340800	nm0019247	nm2091799,nm1661186,nm0494170
tt0063522	nm0000591	nm0505615,nm0000591
tt1111422	nm0001716	nm0001338,nm0323945
tt0370263	nm0027271	nm0639321,nm0795953,nm0859029,nm0859049,nm0027271
tt1972591	nm0005363	nm1703612,nm0005363,nm0927880,nm0229694
tt0914798	nm0379179	nm2477197,nm0379179
tt6857112	nm1443502	nm1443502
tt1606389	nm1302591	nm0463359,nm0799050,nm0441300,nm1213974
tt0477080	nm0001716	nm0093560
tt0432021	nm0611683	nm0027271
tt0089927	nm0000230	nm0000230
tt0083907	nm0000600	nm0000600
tt0212346	nm0677953	nm0492909,nm0974301,nm0524095
tt7349662	nm0000490	nm4478735,nm5161275,nm0932551,nm0000490,nm9259302
tt1646987	nm0509448	nm2669197,nm0424901,nm0075528,nm0189117
tt1365519	nm1012385	nm4039044,nm3322414,nm2489193,nm1897248,nm2824501
tt0120685	nm0000386	nm0002041,nm0000386,nm0254645,nm0744429
tt0366551	nm0500444	nm1375358,nm1376383
tt0488120	nm0387706	nm0002417,nm1020896
tt1723811	nm2588606	nm2588606,nm0604448,nm0543283
tt6139732	nm0005363	nm0041864,nm0005363
tt1120985	nm0161834	nm0161834,nm0193387,nm2337556
tt2404435	nm0298807	nm0000041,nm0368074,nm0644823,nm4446305,nm0921013
tt0363988	nm0462895	nm0000175,nm0462895
tt5726616	nm0345174	nm0412465,nm6056595
tt0892791	nm0593610	nm0825308,nm0458441,nm0501359,nm0011470,nm0254645,nm0744429,nm0776107,nm0794252,nm0830294,nm2593444
tt0097428	nm0718645	nm0000101,nm0000601
tt2094766	nm2355933	nm2078681,nm0177836,nm0171651,nm1172727,nm1817726,nm2493380
tt0462322	nm0957772,nm0942367,nm0000233,nm0001675,nm0744834	nm0001675,nm0957772,nm0942367,nm1249684,nm0744834,nm0000233,nm1080440,nm2639032,nm3851113
tt1013743	nm0003506	nm0642277
